{
  "dimension": "minecraft:overworld",
  "x": 431.7723711908869,
  "y": 71.0,
  "z": -498.13556138892494
}